run_id,train_loss,test_loss,train_acc,test_acc,time
1,5.72053337097168,5.724322319030762,0.0039900001138448715,0.004799999762326479,0
1,61.18571090698242,61.17863464355469,0.005339999683201313,0.005799999926239252,183.57374453544617
1,31.566598892211914,31.810007095336914,0.005330000072717667,0.0058999997563660145,365.1097745895386
1,53.565155029296875,53.548118591308594,0.005450000055134296,0.005200000014156103,546.4982657432556
1,30.261199951171875,29.847457885742188,0.004979999735951424,0.006000000052154064,728.3388206958771
1,16.163705825805664,16.04412269592285,0.006730000022798777,0.0058999997563660145,910.5513265132904
