run_id,train_loss,test_loss,train_acc,test_acc,time
1,5.8787336349487305,5.877503871917725,0.004470000043511391,0.004299999680370092,0
1,5.296769142150879,5.317254543304443,0.022040000185370445,0.020999999716877937,212.92097163200378
