run_id,train_loss,test_loss,train_acc,test_acc,time
1,3.250123977661133,3.193352222442627,25.791259765625,24.34545135498047,0
