run_id,train_loss,test_loss,train_acc,test_acc,time
1,5.282015800476074,5.212560653686523,196.7637939453125,183.24620056152344,0
1,4.153108596801758,4.1793928146362305,63.62379455566406,65.1920394897461,282.58778381347656
1,3.9171142578125,3.9959716796875,50.24774932861328,54.25511932373047,565.2412347793579
1,3.6738269329071045,3.7826058864593506,39.396514892578125,43.83978271484375,847.928156375885
1,3.5219228267669678,3.6427924633026123,33.843929290771484,38.11787796020508,1130.6117844581604
