run_id,train_loss,test_loss,train_acc,test_acc,time
1,7.808027744293213,7.78884744644165,2460.49072265625,2413.58837890625,0
1,7.411279201507568,7.508075714111328,1654.498046875,1822.88818359375,251.32144474983215
1,7.414922714233398,7.518448829650879,1660.52197265625,1841.7041015625,502.66762018203735
1,7.391387462615967,7.4951653480529785,1621.8868408203125,1799.5758056640625,754.0066041946411
1,7.38316535949707,7.491292476654053,1608.62158203125,1792.6671142578125,1005.1731142997742
