run_id,train_loss,test_loss,train_acc,test_acc,time
1,9.305546760559082,9.310453414916992,10999.234375,11056.4189453125,0
1,6.213302135467529,6.277988433837891,499.3236999511719,532.5794677734375,171.82807898521423
1,5.892640590667725,5.99073600769043,362.34906005859375,399.141357421875,345.65477681159973
1,5.7013044357299805,5.82025146484375,299.2380065917969,336.7655334472656,519.0464220046997
1,5.6761698722839355,5.820255756378174,291.8078918457031,336.73760986328125,691.8750023841858
1,5.619683265686035,5.770725250244141,275.7874450683594,320.38275146484375,868.0041739940643
