run_id,train_loss,test_loss,train_acc,test_acc,time
1,3.2666172981262207,3.2102537155151367,26.22020149230957,24.76063346862793,0
