run_id,train_loss,test_loss,train_acc,test_acc,time
1,3.3038790225982666,3.2464966773986816,27.215585708618164,25.67426300048828,0
