run_id,train_loss,test_loss,train_acc,test_acc,time
1,3.4096481800079346,3.353132486343384,30.252010345458984,28.563919067382812,0
