run_id,train_loss,test_loss,train_acc,test_acc,time
1,3.6948342323303223,3.6356000900268555,40.2360725402832,37.886314392089844,0
