run_id,train_loss,test_loss,train_acc,test_acc,time
1,4.00615930557251,3.9470369815826416,54.932350158691406,51.729366302490234,0
