run_id,train_loss,test_loss,train_acc,test_acc,time
1,5.282025337219238,5.2118377685546875,196.76406860351562,183.2461395263672,0
