run_id,train_loss,test_loss,train_acc,test_acc,time
1,7.251466274261475,7.212845802307129,1410.1611328125,1356.4132080078125,0
