run_id,train_loss,test_loss,train_acc,test_acc,time
1,7.808049201965332,7.7887396812438965,2460.49072265625,2413.58837890625,0
