run_id,train_loss,test_loss,train_acc,test_acc,time
1,0,46.26284408569336,-1,0.004999999888241291,0
1,6.003454142519275,5.2131571769714355,-1,0.014599999412894249,27.409966707229614
1,5.2758119575812685,5.038093566894531,-1,0.028999999165534973,54.82483983039856
1,5.216109657531504,4.929532527923584,-1,0.04580000042915344,82.2016065120697
