run_id,train_loss,test_loss,train_acc,test_acc,time
1,5.708048343658447,5.707235813140869,0.005339999683201313,0.0052999998442828655,0
1,5.541133403778076,5.5440754890441895,0.011389999650418758,0.010999999940395355,151.05810022354126
