run_id,train_loss,test_loss,train_acc,test_acc,time
1,0,38.99516677856445,-1,0.004999999888241291,0
1,5.790640546842609,5.1504693031311035,-1,0.01939999870955944,27.577298641204834
1,5.260068161713193,4.9465107917785645,-1,0.04529999941587448,55.21571183204651
1,5.159551449748866,4.795768737792969,-1,0.06390000134706497,82.89656901359558
