run_id,train_loss,test_loss,train_acc,test_acc,time
1,0,38.56565475463867,-1,0.004999999888241291,0
1,5.739503442174029,5.131855010986328,-1,0.02579999901354313,27.539809942245483
1,5.241662054720437,4.910065650939941,-1,0.0494999997317791,55.1797080039978
1,5.141826872325614,4.768645763397217,-1,0.06359999626874924,82.87459254264832
