run_id,train_loss,test_loss,train_acc,test_acc,time
1,0,40.01901626586914,-1,0.004999999888241291,0
1,5.937558575359452,5.192227840423584,-1,0.018299998715519905,27.62914538383484
1,5.273704533686724,5.030015468597412,-1,0.03319999948143959,55.083425998687744
1,5.215342820452912,4.91855525970459,-1,0.05159999802708626,82.73580574989319
