run_id,train_loss,test_loss,train_acc,test_acc,time
1,0,43.66452407836914,-1,0.004999999888241291,0
1,5.951102868980154,5.193577289581299,-1,0.01850000023841858,27.64836025238037
1,5.27210914143516,5.024806022644043,-1,0.035499997437000275,55.03623557090759
1,5.2101003605386484,4.920466423034668,-1,0.04609999805688858,82.77005362510681
