run_id,train_loss,test_loss,train_acc,test_acc,time
1,0,49.34696960449219,-1,0.004999999888241291,0
1,6.379688484894345,5.254693508148193,-1,0.014099999330937862,27.60738968849182
1,5.300143497984123,5.148507118225098,-1,0.023899998515844345,55.13499331474304
1,5.265737049414984,5.090641021728516,-1,0.0284000001847744,82.74922204017639
