run_id,train_loss,test_loss,train_acc,test_acc,time
1,0,46.90176010131836,-1,0.004999999888241291,0
1,6.269579597141432,5.227206230163574,-1,0.013399999588727951,27.802091360092163
1,5.293076334706963,5.125775337219238,-1,0.023399999365210533,55.14866042137146
1,5.246532726775655,5.050271511077881,-1,0.03819999843835831,82.89626502990723
