run_id,train_loss,test_loss,train_acc,test_acc,time
1,0,43.183082580566406,-1,0.004999999888241291,0
1,5.772022061945532,5.136685848236084,-1,0.02410000003874302,27.594510793685913
1,5.25972794876684,4.978753089904785,-1,0.041999999433755875,55.10103225708008
1,5.168545774181785,4.798956871032715,-1,0.06700000166893005,82.75541710853577
