run_id,train_loss,test_loss,train_acc,test_acc,time
1,0,31.27395248413086,-1,0.0058999997563660145,0
1,5.943422217503228,5.141932487487793,-1,0.018799999728798866,27.759731769561768
1,5.255764756361237,4.959356307983398,-1,0.042500000447034836,55.464457511901855
1,5.1778013212296665,4.816583633422852,-1,0.05889999866485596,83.00579762458801
