run_id,train_loss,test_loss,train_acc,test_acc,time
1,0,40.8785285949707,-1,0.004999999888241291,0
1,6.0471066660283475,5.2172322273254395,-1,0.01679999940097332,27.476001262664795
1,5.289773743475794,5.069745063781738,-1,0.028999999165534973,54.8275945186615
1,5.230674780238315,4.971864700317383,-1,0.04569999873638153,82.44731378555298
