run_id,train_loss,test_loss,train_acc,test_acc,time
1,0,44.09235763549805,-1,0.004999999888241291,0
1,6.020108458331174,5.17360258102417,-1,0.019700000062584877,27.79201650619507
1,5.264661134051545,5.007035732269287,-1,0.03959999978542328,55.45852088928223
1,5.198197440418136,4.908156871795654,-1,0.050599999725818634,82.84050488471985
