run_id,train_loss,test_loss,train_acc,test_acc,time
1,0,32.59013366699219,-1,0.004999999888241291,0
1,6.081527491664643,5.232293128967285,-1,0.011899999342858791,27.92251491546631
1,5.300855798794485,5.129125595092773,-1,0.02539999969303608,55.39892768859863
1,5.255010463392643,5.058037757873535,-1,0.0364999994635582,83.08801054954529
