run_id,train_loss,test_loss,train_acc,test_acc,time
1,0,50.28884506225586,-1,0.004999999888241291,0
1,6.3638846953506665,5.269896507263184,-1,0.011399999260902405,27.506866216659546
1,5.306474997869233,5.155251979827881,-1,0.01719999872148037,54.94914364814758
1,5.263355489277169,5.084587097167969,-1,0.026899999007582664,82.42247033119202
