run_id,train_loss,test_loss,train_acc,test_acc,time
1,3.2500624656677246,3.19329833984375,25.7896785736084,24.34413719177246,0
