run_id,train_loss,test_loss,train_acc,test_acc,time
1,5.28215217590332,5.212724208831787,196.79067993164062,183.2761993408203,0
1,3.228626251220703,3.287665843963623,25.241960525512695,26.73523712158203,270.8130130767822
1,3.1523990631103516,3.2789742946624756,23.389328002929688,26.5036563873291,539.101312160492
1,3.1111738681793213,3.2737765312194824,22.444435119628906,26.367918014526367,805.604902267456
1,3.0743255615234375,3.2547318935394287,21.632471084594727,25.869468688964844,1072.178599357605
