run_id,train_loss,test_loss,train_acc,test_acc,time
1,7.808445930480957,7.789209842681885,2461.518798828125,2414.461181640625,0
1,3.8806276321411133,3.9210760593414307,48.44956588745117,50.37201690673828,229.6838183403015
1,3.80941104888916,3.8986852169036865,45.11921691894531,49.2559700012207,459.180748462677
1,3.76015567779541,3.8841280937194824,42.94987106323242,48.540672302246094,688.7495489120483
1,3.747110366821289,3.8756566047668457,42.39306640625,48.12996292114258,918.2896995544434
