run_id,train_loss,test_loss,train_acc,test_acc,time
1,8.259801864624023,8.24590015411377,3865.4482421875,3812.650146484375,0
1,4.7253336906433105,4.7428178787231445,112.76166534423828,114.53105163574219,213.892502784729
1,4.551679611206055,4.626043319702148,94.78418731689453,101.8896255493164,427.71110677719116
1,4.476341247558594,4.588047504425049,87.90577697753906,98.08768463134766,641.5564470291138
1,4.451061248779297,4.570563793182373,85.71131896972656,96.37943267822266,855.6527290344238
