run_id,train_loss,test_loss,train_acc,test_acc,time
1,9.305485725402832,9.310389518737793,10998.5625,11055.697265625,0
1,6.133652687072754,6.171026229858398,461.1238098144531,478.3663024902344,159.19033551216125
1,5.9566192626953125,6.031469821929932,386.31951904296875,415.794921875,319.24168848991394
1,5.909790992736816,6.004741668701172,368.65460205078125,404.5172119140625,478.76342821121216
1,5.923243522644043,6.033897876739502,373.6495361328125,416.3293762207031,639.3006150722504
1,5.930332660675049,6.04317569732666,376.3099670410156,420.16656494140625,799.7518308162689
