run_id,train_loss,test_loss,train_acc,test_acc,time
1,3.2665977478027344,3.210221529006958,26.219688415527344,24.75982666015625,0
