run_id,train_loss,test_loss,train_acc,test_acc,time
1,3.303760051727295,3.2463772296905518,27.21234703063965,25.671201705932617,0
