run_id,train_loss,test_loss,train_acc,test_acc,time
1,3.409662961959839,3.3531439304351807,30.252452850341797,28.564241409301758,0
