run_id,train_loss,test_loss,train_acc,test_acc,time
1,3.6949880123138428,3.6357674598693848,40.24226379394531,37.892635345458984,0
