run_id,train_loss,test_loss,train_acc,test_acc,time
1,4.005836009979248,3.9467129707336426,54.91457748413086,51.71254348754883,0
