run_id,train_loss,test_loss,train_acc,test_acc,time
1,5.28216028213501,5.212001323699951,196.79067993164062,183.27621459960938,0
