run_id,train_loss,test_loss,train_acc,test_acc,time
1,7.251131534576416,7.212508678436279,1409.689697265625,1355.9527587890625,0
