run_id,train_loss,test_loss,train_acc,test_acc,time
1,7.808467388153076,7.789101600646973,2461.51904296875,2414.461181640625,0
