run_id,train_loss,test_loss,train_acc,test_acc,time
1,5.887035369873047,5.883696556091309,0.004909999668598175,0.004600000102072954,0
1,4.868459224700928,4.864687442779541,0.05274999886751175,0.052400000393390656,32.8077712059021
1,4.617093563079834,4.624698162078857,0.09501999616622925,0.09449999779462814,65.35678815841675
1,4.458930015563965,4.477537155151367,0.11821999400854111,0.1119999960064888,98.2475836277008
1,4.285953521728516,4.3169989585876465,0.14353999495506287,0.13539999723434448,131.86428880691528
1,4.210174083709717,4.245388984680176,0.16136999428272247,0.15289999544620514,165.52433276176453
1,4.0967583656311035,4.140655517578125,0.1821800023317337,0.16839998960494995,199.28224205970764
1,3.9946229457855225,4.047684192657471,0.20321999490261078,0.18809999525547028,233.26085591316223
1,3.8965792655944824,3.954280138015747,0.2217099964618683,0.20749999582767487,267.054096698761
1,3.8600168228149414,3.9181928634643555,0.23093999922275543,0.21660000085830688,300.7916181087494
1,3.8401169776916504,3.8998212814331055,0.23387999832630157,0.21689999103546143,334.5540370941162
