run_id,train_loss,test_loss,train_acc,test_acc,time
1,3.2500627040863037,3.193298578262329,25.789684295654297,24.344139099121094,0
