run_id,train_loss,test_loss,train_acc,test_acc,time
1,3.250047445297241,3.193946361541748,25.789684295654297,24.344141006469727,0
1,2.9405863285064697,2.966869592666626,18.925085067749023,19.405092239379883,238.35830903053284
1,2.8954885005950928,2.9564499855041504,18.090486526489258,19.20353889465332,472.98534297943115
1,2.88147234916687,2.954352378845215,17.838659286499023,19.163347244262695,707.6294989585876
