run_id,train_loss,test_loss,train_acc,test_acc,time
1,3.250047445297241,3.193946361541748,25.789684295654297,24.344141006469727,0
1,2.9057257175445557,2.9441659450531006,18.27657127380371,18.969783782958984,214.41886067390442
1,2.850149631500244,2.9342589378356934,17.288496017456055,18.78211784362793,428.8257191181183
1,2.83012318611145,2.9302797317504883,16.945707321166992,18.70709228515625,643.2669553756714
