run_id,train_loss,test_loss,train_acc,test_acc,time
1,3.250047445297241,3.193946361541748,25.789684295654297,24.344141006469727,0
1,2.9070000648498535,2.9446263313293457,18.30004119873047,18.9774227142334,217.67086601257324
1,2.843174695968628,2.9320828914642334,17.168310165405273,18.741199493408203,435.171101808548
1,2.8116748332977295,2.9283623695373535,16.63587188720703,18.67093849182129,652.6740152835846
1,2.799668550491333,2.925853729248047,16.437320709228516,18.624134063720703,871.0576026439667
