run_id,train_loss,test_loss,train_acc,test_acc,time
1,2.754580020904541,2.750899314880371,0.11259999871253967,0.11169999837875366,0
1,1.6141899824142456,1.610230565071106,0.41741999983787537,0.41830000281333923,15.947272777557373
1,1.5527276992797852,1.558574914932251,0.4666999876499176,0.46320000290870667,33.69444942474365
1,1.3482511043548584,1.3669028282165527,0.5369799733161926,0.5286999940872192,50.15070652961731
