run_id,train_loss,test_loss,train_acc,test_acc,time
1,5.7399797439575195,5.7416300773620605,0.004629999864846468,0.004699999932199717,0
1,5.332695960998535,5.335301876068115,0.015929998829960823,0.017400000244379044,158.35044288635254
1,5.088706016540527,5.1058220863342285,0.028849998489022255,0.028099998831748962,316.4051377773285
1,4.93861198425293,4.964473247528076,0.044829998165369034,0.03869999945163727,474.4756827354431
1,4.7916669845581055,4.835590839385986,0.06675999611616135,0.061400000005960464,632.5552127361298
1,4.70643949508667,4.762052059173584,0.07603000104427338,0.06939999759197235,790.624091386795
