run_id,train_loss,test_loss,train_acc,test_acc,time
1,5.658730983734131,5.656517505645752,0.00496999965980649,0.004999999888241291,0
1,5.140513896942139,5.112051010131836,0.02216999977827072,0.033799998462200165,80.95751118659973
1,4.860629558563232,4.882416725158691,0.05552999675273895,0.047199998050928116,161.12753248214722
