run_id,train_loss,test_loss,train_acc,test_acc,time
1,0,8.799286842346191,1000,6625.94482421875,0
1,8.260111013241428,8.060188293457031,1000,3159.104248046875,1.752429965048202e9
1,7.826598269886978,7.964663982391357,1000,2873.264404296875,1.7524300892654562e9
1,7.6737945043496065,7.905369281768799,1000,2706.923828125,1.7524302135355127e9
1,7.596309561818183,7.757610321044922,1000,2335.30029296875,1.7524303377564976e9
1,7.544385877760937,7.668801784515381,1000,2136.486083984375,1.7524304618685496e9
