run_id,train_loss,test_loss,train_acc,test_acc,time
1,2.3409931659698486,2.3435280323028564,0.09247999638319016,0.08819999545812607,0
1,1.5548256635665894,1.5590993165969849,0.45969998836517334,0.4592999815940857,0.42004847526550293
1,1.493927001953125,1.5147088766098022,0.49663999676704407,0.4919999837875366,0.8665146827697754
1,1.5071386098861694,1.528264045715332,0.5121999979019165,0.5051000118255615,1.321939468383789
1,1.39309561252594,1.4204901456832886,0.5247200131416321,0.5119999647140503,1.68402099609375
