run_id,train_loss,test_loss,train_acc,test_acc,time
1,2.3324759006500244,2.3317670822143555,0.10367999970912933,0.10459999740123749,0
1,1.6777026653289795,1.6705642938613892,0.4241199791431427,0.4278999865055084,0.44855499267578125
1,1.5908737182617188,1.588690996170044,0.45537999272346497,0.4587000012397766,0.8829271793365479
1,1.4599720239639282,1.4701087474822998,0.486439973115921,0.47919997572898865,1.329361915588379
1,1.4654160737991333,1.4738961458206177,0.4958999752998352,0.4912000000476837,1.6918187141418457
