run_id,train_loss,test_loss,train_acc,test_acc,time
1,2.3308863639831543,2.3291821479797363,0.11140000075101852,0.11129999905824661,0
1,1.6392507553100586,1.6313706636428833,0.4168599843978882,0.42319998145103455,0.3810694217681885
1,1.52313232421875,1.5228517055511475,0.46045997738838196,0.4625999927520752,0.7952675819396973
1,1.4993115663528442,1.5045729875564575,0.47495999932289124,0.47200000286102295,1.1983935832977295
1,1.4630838632583618,1.4695144891738892,0.4810199737548828,0.4805999994277954,1.513909101486206
