run_id,train_loss,test_loss,train_acc,test_acc,time
1,2.3335516452789307,2.3307666778564453,0.09482000023126602,0.09969999641180038,0
1,1.763373613357544,1.7449097633361816,0.39635998010635376,0.39969998598098755,0.38457608222961426
1,1.5982967615127563,1.5904474258422852,0.4364199936389923,0.4438999891281128,0.8224763870239258
1,1.557040810585022,1.5515583753585815,0.4490399956703186,0.45499998331069946,1.2708616256713867
1,1.5248451232910156,1.5223537683486938,0.4581199884414673,0.4607999920845032,1.633110523223877
