run_id,train_loss,test_loss,train_acc,test_acc,time
1,2.3285839557647705,2.3303616046905518,0.10452000051736832,0.10179999470710754,0
1,1.6093165874481201,1.6049033403396606,0.4256199896335602,0.4341000020503998,0.4661898612976074
1,1.5655205249786377,1.565329909324646,0.46115997433662415,0.46059998869895935,0.9851343631744385
1,1.5145750045776367,1.5175328254699707,0.4768199920654297,0.47450000047683716,1.4668207168579102
1,1.4418537616729736,1.4501572847366333,0.48639997839927673,0.48649999499320984,1.970043420791626
