run_id,train_loss,test_loss,train_acc,test_acc,time
1,2.3400626182556152,2.3374297618865967,0.09985999763011932,0.09929999709129333,0
1,1.5397931337356567,1.5407593250274658,0.4614199995994568,0.46469998359680176,0.3998749256134033
1,1.552258014678955,1.5619661808013916,0.4929399788379669,0.4861999750137329,0.8313157558441162
1,1.4857348203659058,1.5038576126098633,0.5110999941825867,0.4998999834060669,1.2685182094573975
1,1.478616714477539,1.4993369579315186,0.5203199982643127,0.5062000155448914,1.6223981380462646
