run_id,train_loss,test_loss,train_acc,test_acc,time
1,2.3310446739196777,2.332648515701294,0.0964599996805191,0.093299999833107,0
1,1.6535485982894897,1.6459749937057495,0.4299599826335907,0.43619999289512634,0.4194209575653076
1,1.4930046796798706,1.4974135160446167,0.4744199812412262,0.47609999775886536,0.8721160888671875
1,1.4117337465286255,1.4274230003356934,0.499099999666214,0.4927999973297119,1.317042589187622
1,1.3830676078796387,1.4048458337783813,0.5087199807167053,0.5027999877929688,1.6652929782867432
