run_id,train_loss,test_loss,train_acc,test_acc,time
1,2.3317058086395264,2.3329975605010986,0.09569999575614929,0.09290000051259995,0
1,1.6666843891143799,1.6565382480621338,0.41213998198509216,0.4147000014781952,0.4055187702178955
1,1.5704901218414307,1.564494013786316,0.44538000226020813,0.4495999813079834,0.8868610858917236
1,1.5249037742614746,1.521604061126709,0.46421998739242554,0.46389999985694885,1.3305213451385498
1,1.5110183954238892,1.5121792554855347,0.4702000021934509,0.46609997749328613,1.7267427444458008
