run_id,train_loss,test_loss,train_acc,test_acc,time
1,5.803075790405273,5.805800437927246,0.0050399997271597385,0.0050999997183680534,0
1,5.185313701629639,5.191744804382324,0.01948999986052513,0.019700000062584877,149.15596103668213
