run_id,train_loss,test_loss,train_acc,test_acc,time
1,0,8.799286842346191,1000,6625.94482421875,0
1,7.795320883620209,7.514717102050781,1000,1831.540283203125,1.750976856402646e9
1,7.4608597690885645,7.511488437652588,1000,1826.23974609375,1.7509769802002711e9
1,7.442453987102218,7.5148115158081055,1000,1832.37646484375,1.750977104009584e9
1,9.408236564920236,8.536532402038574,1000,5079.9013671875,1.7509772279209392e9
