run_id,train_loss,test_loss,train_acc,test_acc,time
1,0,8.799286842346191,1000,6625.94482421875,0
1,7.57095716124662,7.507231712341309,1000,1817.89013671875,1.7509828281479306e9
1,8.071624404081032,7.7418646812438965,1000,2299.25390625,1.7509829522266204e9
1,7.726781954014967,7.668204307556152,1000,2136.02734375,1.7509830763833137e9
1,7.669560480037115,7.619119644165039,1000,2033.0203857421875,1.7509832005405226e9
