run_id,train_loss,test_loss,train_acc,test_acc,time
1,0,5.952287673950195,-1,0.0052999998442828655,0
1,5.286348425823709,4.894906520843506,-1,0.05199999734759331,67.2716760635376
1,5.136740974757982,4.658115863800049,-1,0.08179999887943268,135.2320761680603
1,5.0480728881133485,4.48391056060791,-1,0.10909999907016754,202.7502372264862
1,4.979355543775632,4.369974613189697,-1,0.13269999623298645,270.292053937912
