run_id,train_loss,test_loss,train_acc,test_acc,time
1,0,47.56529235839844,-1,0.004999999888241291,0
1,5.914136628055816,5.171114444732666,-1,0.020499998703598976,29.25388813018799
1,5.275749452888508,4.97191858291626,-1,0.044999998062849045,56.964144706726074
1,5.196932079237135,4.8530097007751465,-1,0.052400000393390656,85.0819959640503
1,5.139666719509817,4.774862766265869,-1,0.06509999930858612,113.38505744934082
