run_id,train_loss,test_loss,train_acc,test_acc,time
1,0,43.06095886230469,-1,0.004999999888241291,0
1,5.915443032598861,5.20298433303833,-1,0.017999999225139618,28.87658953666687
1,5.276528323093034,5.022932052612305,-1,0.03779999911785126,57.13261079788208
1,5.21643873980588,4.904324054718018,-1,0.04969999939203262,85.20094871520996
1,5.175135499071282,4.825689315795898,-1,0.06119999662041664,113.21075320243835
