run_id,train_loss,test_loss,train_acc,test_acc,time
1,0,41.16390609741211,-1,0.004999999888241291,0
1,5.829773507764577,5.182570457458496,-1,0.021399999037384987,30.136587381362915
1,5.271410718903212,4.999935150146484,-1,0.03839999809861183,60.03557825088501
1,5.210294307650202,4.8853759765625,-1,0.050599999725818634,89.02601885795593
1,5.157639399818752,4.8112263679504395,-1,0.06149999797344208,118.52607989311218
