run_id,train_loss,test_loss,train_acc,test_acc,time
1,0,52.038330078125,-1,0.004999999888241291,0
1,6.153436088805918,5.217776298522949,-1,0.016999999061226845,29.66479802131653
1,5.281530811963484,5.028817653656006,-1,0.032600000500679016,59.04084897041321
1,5.219252435142732,4.934315204620361,-1,0.04309999942779541,88.53575801849365
1,5.177671527618642,4.864562511444092,-1,0.05289999768137932,117.18085432052612
