run_id,train_loss,test_loss,train_acc,test_acc,time
1,0,5.857596397399902,-1,0.005399999674409628,0
1,5.280796343713161,4.8750081062316895,-1,0.04839999973773956,77.70345067977905
1,5.127225538044025,4.648123264312744,-1,0.08299999684095383,155.33650159835815
1,5.049339978591256,4.492877006530762,-1,0.10830000042915344,233.1934916973114
1,4.983262814524228,4.385286331176758,-1,0.13329999148845673,310.9863405227661
