run_id,train_loss,test_loss,train_acc,test_acc,time
1,0,55.279056549072266,-1,0.004999999888241291,0
1,5.903600148837585,5.203162670135498,-1,0.018299998715519905,29.480639934539795
1,5.2805073889320155,5.026858329772949,-1,0.0348999984562397,58.61615872383118
1,5.215642803465314,4.900096416473389,-1,0.049799997359514236,87.66038918495178
1,5.161015970322787,4.821370601654053,-1,0.059699997305870056,116.57059216499329
